"URL","type","primary keyword","secondary keywords","long-tail candidates","intent","related questions","canonical decision"
"/","homepage","Tool Fera free online tools","everyday digital toolkit; browser utilities","free local PDF image and calculator tools","Brand discovery and tool navigation","What can I do here?; Are inputs uploaded?","Self canonical; not a duplicate tool landing page"
"/pdf-tools/","category","PDF tools online","browser PDF utilities; PDF document workflows","PDF page tools without uploading documents; choose PDF conversion or OCR","Choose a workflow and discover tools","Do PDF files leave my device?; Can I compress or convert a PDF to Word here?; Can I process a password-protected PDF?","Broad hub; tool tasks retain their own URLs"
"/image-tools/","category","online image tools","image editing utilities; browser image preparation","choose image resize compression or conversion; image tools with local processing","Choose a workflow and discover tools","Which image formats can I open?; Which formats can I download?; Are images uploaded or stored?","Broad hub; tool tasks retain their own URLs"
"/student-tools/","category","student grade calculators","academic progress calculators; GPA marks attendance tools","student calculators with custom grade points; credit weighting versus marks percentage","Choose a workflow and discover tools","Does the GPA calculator support different grading scales?; Is a simple average the same as CGPA?","Broad hub; tool tasks retain their own URLs"
"/finance-tools/","category","everyday financial calculators","money and journey estimates; free numerical calculators","gross salary and monthly payment estimates; fuel cost with custom units and prices","Choose a workflow and discover tools","Can I choose different fuel units?; Are financial results official quotes?","Broad hub; tool tasks retain their own URLs"
"/text-tools/","category","online text utilities","text counting and cleanup tools; case and line utilities","Unicode character counts without uploading text; clean pasted text while keeping paragraphs","Choose a workflow and discover tools","Is pasted text stored?; Why might counts differ from another editor?","Broad hub; tool tasks retain their own URLs"
"/developer-tools/","category","browser developer utilities","data formatting and encoding tools; JSON UUID color utilities","validate JSON and escape URL components locally; UTF-8 encoding without an external API","Choose a workflow and discover tools","Does the formatter validate JSON?; Is my JSON sent to a server?","Broad hub; tool tasks retain their own URLs"
"/generators/","category","free browser generators","QR password and number generators; local PDF invoice generation","static QR codes without tracking redirects; generate outputs without saved user records","Choose a workflow and discover tools","Are generated passwords saved?; What randomness does the generator use?","Broad hub; tool tasks retain their own URLs"
"/pdf-tools/pdf-compressor/","tool","compress PDF online","reduce PDF file size; PDF compression levels","compress scanned PDF without losing readable text; PDF already optimized cannot reduce size","Perform the named task in the browser","Which compression level should I choose?; Will every PDF become smaller?; Does compression remove searchable text?","Self canonical; no format/device/keyword variant routes"
"/pdf-tools/pdf-merger/","tool","merge PDF files","combine PDF documents; PDF file order","combine PDFs in the right order; merge PDFs without file upload","Perform the named task in the browser","Are my PDFs uploaded?; Can I change file order?; Will forms and digital signatures remain valid?","Self canonical; no format/device/keyword variant routes"
"/pdf-tools/pdf-splitter/","tool","split PDF pages","extract PDF page range; PDF excerpt","extract selected PDF pages into one file; split PDF in a custom selection order","Perform the named task in the browser","Does this make one PDF or many?; Can I reorder pages while extracting?; Can I extract pages from a protected PDF?","Self canonical; no format/device/keyword variant routes"
"/pdf-tools/pdf-to-jpg/","tool","PDF to JPG converter","PDF to PNG; export PDF page images","convert selected PDF pages to images; PDF page image resolution","Perform the named task in the browser","Can I export PNG instead of JPG?; Why is a high-resolution conversion rejected?","Self canonical; no format/device/keyword variant routes"
"/pdf-tools/jpg-to-pdf/","tool","JPG to PDF converter","PNG to PDF; combine images into PDF","JPG PNG to PDF with page margins; fit image to A4 or Letter PDF","Perform the named task in the browser","Can I mix JPG and PNG files?; Will the image be cropped?","Self canonical; no format/device/keyword variant routes"
"/pdf-tools/pdf-to-word/","tool","PDF to Word converter","editable DOCX from PDF; native PDF text conversion","convert selectable PDF to normal editable Word text; PDF to Word without OCR","Perform the named task in the browser","Can I edit the text normally in the Word document?; Are architecture diagrams and charts preserved?; Will source pages stay separate?; Does this use OCR for a normal PDF?; Will the result match every PDF perfectly?; Are documents uploaded?","Self canonical; no format/device/keyword variant routes"
"/pdf-tools/pdf-ocr/","tool","PDF OCR online","scanned PDF to text; PDF text recognition","extract English printed text from scanned PDF; scanned PDF to editable DOCX locally","Perform the named task in the browser","When should I use PDF OCR?; Can I download an editable Word document?; Which languages and limits are supported?; Does the OCR engine load during normal conversion?","Self canonical; no format/device/keyword variant routes"
"/pdf-tools/word-to-pdf/","tool","Word to PDF converter","DOCX to PDF; browser document conversion","DOCX to PDF with explicit page breaks; convert DOCX without upload or OCR","Perform the named task in the browser","Does Word to PDF ever use OCR?; Will page 2 move into blank space on page 1?; Are headers and footers supported?; Are older DOC files supported?","Self canonical; no format/device/keyword variant routes"
"/pdf-tools/rotate-pdf/","tool","rotate PDF pages","PDF page orientation; turn PDF page","rotate selected PDF pages by 90 degrees; rotate PDF without flattening text","Perform the named task in the browser","Can I rotate only one page?; Does rotation change image quality?","Self canonical; no format/device/keyword variant routes"
"/pdf-tools/delete-pdf-pages/","tool","delete PDF pages","remove PDF page ranges; PDF page removal","remove unwanted pages from a PDF copy; delete duplicate PDF page","Perform the named task in the browser","Are my original pages deleted permanently?","Self canonical; no format/device/keyword variant routes"
"/pdf-tools/reorder-pdf-pages/","tool","reorder PDF pages","arrange PDF page sequence; PDF page order","reorder every PDF page exactly once; reverse a PDF page sequence","Perform the named task in the browser","Can I leave out a page?","Self canonical; no format/device/keyword variant routes"
"/image-tools/image-compressor/","tool","image compressor","reduce image file size; JPEG image compression","compress image for upload byte limit; compare actual image size savings","Perform the named task in the browser","Does every image become smaller?; Why is there no PNG quality slider?; Where is compression performed?","Self canonical; no format/device/keyword variant routes"
"/image-tools/image-resizer/","tool","image resizer","resize image pixels; image aspect ratio","resize width and height without stretching; fit fill and stretch image difference","Perform the named task in the browser","How does aspect-ratio locking work?; Why does Fit differ from a preset size?; Can I keep transparency?","Self canonical; no format/device/keyword variant routes"
"/image-tools/image-converter/","tool","image format converter","convert image format; browser image conversion","convert image with transparency preserved; choose supported image output format","Perform the named task in the browser","Can I convert JPG to PNG or PNG to WebP?; Can I convert HEIC, TIFF or animated GIFs?; Why is AVIF not listed in my browser?","Self canonical; no format/device/keyword variant routes"
"/image-tools/image-cropper/","tool","image cropper","crop image pixels; crop photo","crop image with exact coordinates; crop a square image without stretching","Perform the named task in the browser","Does cropping resize the image?; Can I keep a transparent background?","Self canonical; no format/device/keyword variant routes"
"/image-tools/jpg-to-png/","tool","JPG to PNG converter","JPEG to PNG; lossless PNG copy","convert JPG to PNG without changing dimensions; does JPG to PNG restore quality","Perform the named task in the browser","Will a PNG improve the quality of my JPG?; Does JPG to PNG make the background transparent?","Self canonical; no format/device/keyword variant routes"
"/image-tools/png-to-jpg/","tool","PNG to JPG converter","PNG to JPEG; JPEG quality conversion","convert transparent PNG to JPG with white background; PNG to JPG real file size","Perform the named task in the browser","What happens to transparent PNG areas?; Will every PNG become smaller?","Self canonical; no format/device/keyword variant routes"
"/image-tools/webp-converter/","tool","WebP converter","image to WebP; convert JPG PNG WebP","create WebP still image with transparency; compare WebP quality and file size","Perform the named task in the browser","Can WebP keep transparency?; Can this convert an animated GIF into animated WebP?","Self canonical; no format/device/keyword variant routes"
"/image-tools/image-to-text/","tool","image to text OCR","JPG PNG text recognition; image transcription","extract English paragraphs from image locally; image OCR to TXT or editable Word","Perform the named task in the browser","Which OCR languages are supported?; Are images sent to an OCR service?; Can OCR read handwriting or guarantee correct numbers?","Self canonical; no format/device/keyword variant routes"
"/student-tools/gpa-calculator/","tool","GPA calculator","semester GPA; credit-weighted grades","calculate GPA with course credits and grade points; GPA calculator custom grading scale","Perform the named task in the browser","Does it support a 4.0 scale?; Are all courses weighted equally?","Self canonical; no format/device/keyword variant routes"
"/student-tools/cgpa-calculator/","tool","CGPA calculator","cumulative GPA; semester credit weighting","combine semester GPAs with unequal credits; calculate CGPA without averaging semesters equally","Perform the named task in the browser","Can I just average my semester GPAs?; Does this keep my grades?","Self canonical; no format/device/keyword variant routes"
"/student-tools/percentage-calculator/","tool","percentage calculator","percent of a number; one value as percentage","calculate obtained marks as percentage; find 15 percent of 200","Perform the named task in the browser","Can I calculate my marks percentage?; Can I use decimals or negative values?","Self canonical; no format/device/keyword variant routes"
"/student-tools/marks-calculator/","tool","marks calculator","marks percentage; remaining marks target","score needed in final assessment to reach target; marks target beyond remaining score","Perform the named task in the browser","Can I find what I need in a final exam?; Does this predict my letter grade?","Self canonical; no format/device/keyword variant routes"
"/student-tools/attendance-calculator/","tool","attendance calculator","attendance percentage; attendance target","classes needed to reach 75 percent attendance; future classes I can miss while above target","Perform the named task in the browser","Does it assume I attend all future classes?; Why can I not recover 100% attendance?","Self canonical; no format/device/keyword variant routes"
"/finance-tools/fuel-cost-calculator/","tool","fuel cost calculator","trip fuel estimate; journey cost split","calculate fuel cost with US or Imperial MPG; trip cost using own fuel price and units","Perform the named task in the browser","Does it fetch current fuel prices?; Which gallon is used for MPG?; Can I split the journey cost?","Self canonical; no format/device/keyword variant routes"
"/student-tools/university-merit-calculator/","tool","university merit calculator","weighted admission aggregate; custom merit weights","calculate admission aggregate with university weights; weighted marks components for merit","Perform the named task in the browser","Are the default weights official?; Does the result guarantee admission?","Self canonical; no format/device/keyword variant routes"
"/finance-tools/age-calculator/","tool","age calculator","calendar age; age as of date","age in years months and days at cutoff date; calendar date age without timezone offset","Perform the named task in the browser","Can I calculate age on a past date?; How are leap-day birthdays handled?","Self canonical; no format/device/keyword variant routes"
"/finance-tools/loan-emi-calculator/","tool","loan EMI calculator","monthly loan payment; total loan interest","fixed monthly payment with zero interest rate; loan estimate excluding fees and insurance","Perform the named task in the browser","Can I calculate an interest-free loan?; Does it include lender fees?","Self canonical; no format/device/keyword variant routes"
"/finance-tools/savings-calculator/","tool","savings calculator","monthly savings projection; deposits and growth","savings with end-of-month deposits; compare contributions with estimated growth","Perform the named task in the browser","When are monthly contributions added?; Is the projection a promised return?","Self canonical; no format/device/keyword variant routes"
"/finance-tools/profit-calculator/","tool","profit calculator","profit margin; cost markup","difference between profit margin and markup; profit percentage with zero revenue or cost","Perform the named task in the browser","Are margin and markup the same?; Can I calculate a loss?","Self canonical; no format/device/keyword variant routes"
"/finance-tools/discount-calculator/","tool","discount calculator","sale price; amount saved","final price after a percentage discount; discount amount before taxes and fees","Perform the named task in the browser","Can I enter a decimal discount?; Does this include sales tax?","Self canonical; no format/device/keyword variant routes"
"/finance-tools/salary-calculator/","tool","salary calculator","gross pay conversion; hourly annual salary","convert hourly pay to annual gross salary; salary periods with custom working weeks","Perform the named task in the browser","Is this take-home pay?; Can I account for unpaid weeks?","Self canonical; no format/device/keyword variant routes"
"/text-tools/word-counter/","tool","word counter","count words; estimated reading time","whitespace word count and Unicode characters; why word counts differ between editors","Perform the named task in the browser","Does the character count include spaces?; Is my writing uploaded?","Self canonical; no format/device/keyword variant routes"
"/text-tools/character-counter/","tool","character counter","count characters without spaces; Unicode text count","emoji counted as multiple code points; character count including line breaks","Perform the named task in the browser","Does the character count include spaces?; Is my writing uploaded?","Self canonical; no format/device/keyword variant routes"
"/text-tools/case-converter/","tool","text case converter","uppercase lowercase; title sentence case","convert text case and review acronyms; change casing without replacing source text","Perform the named task in the browser","Will it preserve acronyms and proper names?","Self canonical; no format/device/keyword variant routes"
"/text-tools/remove-duplicate-lines/","tool","remove duplicate lines","deduplicate text; unique text lines","remove duplicate lines keeping first order; case-sensitive duplicate line comparison","Perform the named task in the browser","Will it sort my list?; Are uppercase and lowercase entries duplicates?","Self canonical; no format/device/keyword variant routes"
"/text-tools/text-cleaner/","tool","text cleaner","clean whitespace; tidy pasted text","remove extra spaces while preserving paragraphs; clean copied text line breaks locally","Perform the named task in the browser","Does it remove paragraph breaks?; Does it correct grammar or spelling?","Self canonical; no format/device/keyword variant routes"
"/developer-tools/json-formatter/","tool","JSON formatter","JSON validator; JSON minifier","fix JSON syntax with trailing comma; format JSON with large integer precision warning","Perform the named task in the browser","Can I format JSON with comments?; Will formatting preserve very large numbers?","Self canonical; no format/device/keyword variant routes"
"/developer-tools/base64-encoder-decoder/","tool","Base64 encoder decoder","UTF-8 Base64; decode text Base64","Base64 encode emoji and Unicode text; Base64 is encoding not encryption","Perform the named task in the browser","Is Base64 encryption?; Does it support Unicode text?","Self canonical; no format/device/keyword variant routes"
"/developer-tools/url-encoder-decoder/","tool","URL encoder decoder","percent encode component; decode URL value","encode query value without escaping whole URL; URL decoding plus sign not space","Perform the named task in the browser","Should I paste a whole URL?; Why does a plus sign stay unchanged when decoding?","Self canonical; no format/device/keyword variant routes"
"/developer-tools/uuid-generator/","tool","UUID generator","UUID v4; random identifiers","generate multiple UUID v4 in browser; copy cryptographic random UUID identifiers","Perform the named task in the browser","Which UUID version is generated?; Are UUIDs guaranteed to be unique?; Are generated UUIDs stored?","Self canonical; no format/device/keyword variant routes"
"/developer-tools/color-converter/","tool","color converter","HEX RGB HSL; alpha color conversion","convert HEX RGB HSL with transparency; why alpha color conversion rounds","Perform the named task in the browser","Can I convert a color with transparency?; Why do values change slightly after converting back?; Can I use a named CSS color or variable?","Self canonical; no format/device/keyword variant routes"
"/generators/qr-code-generator/","tool","QR code generator","static QR code; QR PNG SVG","create QR code without tracking redirect; download and test QR code for print","Perform the named task in the browser","Can I change the destination after printing?; Does Tool Fera track scans?","Self canonical; no format/device/keyword variant routes"
"/generators/password-generator/","tool","password generator","random password; cryptographic password","generate unique password with chosen character groups; browser password generator without storage","Perform the named task in the browser","Are the passwords generated randomly?; Does Tool Fera remember my passwords?","Self canonical; no format/device/keyword variant routes"
"/generators/random-number-generator/","tool","random number generator","random whole numbers; unique random values","generate numbers without repeats in a range; cryptographic random integers locally","Perform the named task in the browser","Can the minimum or maximum appear?; Can a batch contain repeats?","Self canonical; no format/device/keyword variant routes"
"/generators/invoice-generator/","tool","invoice generator","PDF invoice; line item totals","create invoice PDF without stored account; invoice discount applied before entered tax","Perform the named task in the browser","Is tax calculated automatically for my country?; Are invoices saved or sent to the recipient?; When is the discount applied?","Self canonical; no format/device/keyword variant routes"
"/blog/reduce-pdf-file-size-without-losing-quality/","article","how to reduce PDF file size without losing quality","PDF compression quality trade-offs; why a compressed PDF is larger","make a scanned PDF smaller without losing readable text; PDF already optimized what to do","Informational: how to reduce PDF file size without losing quality","Find out what is making the file large; Structural compression and image compression do different jobs; Use a conservative first pass in Tool Fera; Measure the saving instead of trusting the filename; Review the pages that are easiest to damage; When compression is not the right answer","Informational guide; utility CTA links to the task page"
"/blog/make-pdf-editable-native-text-or-ocr/","article","how to make a PDF editable","convert PDF to editable DOCX; PDF native text versus OCR","make a scanned PDF editable without mixing conversion paths; why PDF to Word changes formatting","Informational: how to make a PDF editable","Try a selection and copy test first; Why a PDF is not already a Word document; Convert selectable text without OCR; Use the separate OCR workflow for scans; Check paragraphs, tables and graphics separately; Finish the editing workflow without losing the source","Informational guide; utility CTA links to the task page"
"/blog/scanned-vs-searchable-pdf/","article","scanned PDF vs searchable PDF","image-only PDF meaning; PDF text layer","how to tell if a PDF is scanned or text based; PDF selects text but copies wrong words","Informational: scanned PDF vs searchable PDF","Three document types that can look the same; Run a practical three-part test; Check more than the cover page; Choose the right Tool Fera route; Recognition creates text, not certainty; Compression can change which features survive; What to keep when you need reliable reuse","Informational guide; utility CTA links to the task page"
"/blog/combine-pdf-files-in-the-right-order/","article","how to combine PDF files in the right order","merge PDF page order; combine PDF attachments","merge PDFs without duplicate pages; PDF merge form and signature limitations","Informational: how to combine PDF files in the right order","Write a short page plan before merging; Separate file order from page order; Merge the prepared documents locally; Convert photographs before adding them; Check features that merging may not preserve; Review the result in a useful sequence; Only then decide whether to compress","Informational guide; utility CTA links to the task page"
"/blog/jpeg-png-webp-which-format/","article","JPEG vs PNG vs WebP","image format for photos versus screenshots; PNG transparency and JPEG","does JPG to PNG improve quality; when to use WebP instead of JPG","Informational: JPEG vs PNG vs WebP","Begin with the content and the destination; JPEG is useful for photos but has trade-offs; PNG is useful for sharp edges and transparency; WebP is an option to test rather than a universal rule; Use a small decision table; Compare the output at its intended size; Keep an original and a delivery copy","Informational guide; utility CTA links to the task page"
"/blog/image-dimensions-vs-file-size/","article","image dimensions vs file size","image pixels versus megabytes; resize image versus compress image","image correct dimensions but too large; reduce photo bytes without stretching image","Informational: image dimensions vs file size","Read the requirement before editing; Pixels determine the available detail; Compression changes storage, not necessarily dimensions; Keep the aspect ratio unless distortion is intended; A worked upload example; Compare quality where it matters; Do not confuse print resolution with new detail","Informational guide; utility CTA links to the task page"
"/blog/jpg-png-to-pdf-page-size-margins/","article","JPG PNG to PDF page size and margins","fit versus fill image PDF; image PDF page layout","convert phone photographs to PDF without cropped edges; A4 or Letter for image PDF","Informational: JPG PNG to PDF page size and margins","Prepare readable source images; Put the images in the intended reading order; Choose page size separately from image dimensions; Fit and Fill answer different questions; Margins can help rather than waste space; Understand what the result contains; Review and combine the final pages","Informational guide; utility CTA links to the task page"
"/blog/gpa-vs-cgpa-credit-weighted/","article","GPA vs CGPA calculation with credits","weighted GPA formula; combine semester GPAs","why average semester GPA differs from CGPA; calculate CGPA with unequal semester credits","Informational: GPA vs CGPA calculation with credits","Start with grade points, not raw percentages; Calculate semester GPA with course credits; Combine semesters by their included credits; Do not double-count the previous cumulative result; Repeats, withdrawals and exclusions are policy questions; Keep marks, admission aggregates and GPA separate; A short check before you rely on the result","Informational guide; utility CTA links to the task page"
"/blog/percentage-vs-percentage-points/","article","percentage vs percentage points","relative percentage change; profit margin versus markup","20 percent to 25 percent percentage point difference; why two successive discounts do not add","Informational: percentage vs percentage points","Percent of a number and one value as a percentage; Why percentage points exist; Relative change depends on the starting value; Discounts apply to the current price; Margin and markup use different denominators; Apply the same care to marks and attendance; Write the result with its meaning","Informational guide; utility CTA links to the task page"
"/blog/attendance-percentage-target-classes/","article","how many classes to reach attendance target","attendance percentage formula; classes I can miss attendance","18 out of 25 classes reach 75 percent attendance; why attending one class changes both attendance counts","Informational: how many classes to reach attendance target","Use the same kind of session in both counts; Calculate the current percentage; Solve for future classes attended; Round required classes upward; Work out how many future absences are possible; Recognize cases the formula cannot promise; Keep a record you can update","Informational guide; utility CTA links to the task page"
"/blog/fix-invalid-json/","article","how to fix invalid JSON","JSON syntax error examples; JSON formatting versus validation","trailing comma JSON error; JSON formatter large integer precision loss","Informational: how to fix invalid JSON","Separate JSON from JavaScript object notation; Use the error location as a clue; Check the common structural mistakes; Valid syntax is not schema validation; Protect large identifiers and duplicate keys; Decode the right wrapper before validating; Choose formatted or minified output deliberately","Informational guide; utility CTA links to the task page"
"/blog/base64-vs-url-encoding/","article","Base64 vs URL encoding","percent encoding versus Base64; UTF-8 Base64 text","why URL shows percent 2526 double encoding; URL decoder plus sign versus space","Informational: Base64 vs URL encoding","Ask which layer your system expects; Base64 starts from bytes; URL component encoding protects boundaries; A plus sign is not always a space; Avoid double encoding; Base64URL is a related but different variant; Encoding is not encryption","Informational guide; utility CTA links to the task page"
"/blog/qr-code-not-scanning-print-checklist/","article","QR code not scanning","QR quiet zone; QR PNG versus SVG printing","QR works on screen but not printed; QR code border cropped scanning failure","Informational: QR code not scanning","Verify the content before troubleshooting the artwork; Protect the clear border around the code; Use strong contrast and preserve square geometry; Choose PNG or SVG according to the destination; Shorter content often makes a less dense symbol; Test the final physical or screen version; Do not solve a failed scan with destructive compression","Informational guide; utility CTA links to the task page"
"/blog/word-character-count-unicode/","article","why word and character counts differ","Unicode code points versus characters; whitespace word count","emoji counts as multiple characters; Word Counter differs from Microsoft Word","Informational: why word and character counts differ","A word count is a rule applied to text; Characters are not always visible symbols; Bytes answer a different question; Spaces and line endings affect comparisons; Reading time is an estimate, not a measurement; Clean text deliberately before recounting; A practical way to reconcile a disputed count","Informational guide; utility CTA links to the task page"
"/blog/browser-tools-and-privacy/","article","browser-based processing and privacy","local file processing; tool history storage","is picking a file the same as uploading; does local processing store inputs","Understand processing and storage boundaries","What stays in history?; Which engines load on demand?","Existing guide preserved with its own canonical"
"/blog/","article index","Tool Fera practical guides","utility workflow explanations","PDF image and calculator help articles","Discover published explanations","Which guide answers my question?","One article index; no empty tag archive pages"
"/about/","information","about Tool Fera","","","Brand purpose and truthful capabilities","","Self canonical"
"/contact/","information","Tool Fera help and contact","","","Self-help; contact submission is not available","","Intentional noindex, follow; excluded from sitemap"
"/privacy-policy/","information","Tool Fera privacy policy","","","Legal information","","Self canonical"
"/terms-of-use/","information","Tool Fera terms of use","","","Legal information","","Self canonical"
"/disclaimer/","information","Tool Fera output limitations","","","Legal information","","Self canonical"
